{"initial_reset_timestamp": 1600569778.809013, "timestamps": [1600569779.0468817, 1600569779.432974, 1600569779.605073, 1600569779.7530427, 1600569779.8592658, 1600569780.0152588, 1600569780.1679482, 1600569780.359592, 1600569780.7902505, 1600569781.0721273, 1600569781.2427726, 1600569781.4720957, 1600569781.6578174, 1600569781.7976887, 1600569781.9754992, 1600569782.1866221, 1600569782.3861456, 1600569782.5011828, 1600569782.7010136, 1600569782.8133433, 1600569782.9400506, 1600569783.1551476, 1600569783.3429573, 1600569783.5545588, 1600569783.7642026, 1600569783.8762147, 1600569783.990353, 1600569784.2282927, 1600569784.3992362, 1600569784.5738084, 1600569784.7674704, 1600569784.9117486, 1600569785.0767946, 1600569785.201847, 1600569785.4501035, 1600569785.6427484, 1600569785.8483548, 1600569786.0320225, 1600569786.198011, 1600569786.324725, 1600569786.4605207, 1600569786.7105582, 1600569786.8301015, 1600569787.0888295, 1600569787.3574185, 1600569787.6681173, 1600569787.9044101, 1600569788.0380082, 1600569788.3014786, 1600569788.5304866, 1600569788.6377633, 1600569788.820267, 1600569789.1111548, 1600569789.3140848, 1600569789.5198574, 1600569789.6319187, 1600569789.8534205, 1600569790.0381944, 1600569790.264418, 1600569790.5459828, 1600569790.7144282, 1600569790.8743224, 1600569790.9879708, 1600569791.1938949, 1600569791.5384912, 1600569791.74107, 1600569791.9341767, 1600569792.054028, 1600569792.2062275, 1600569792.4063957, 1600569792.52242, 1600569792.6758652, 1600569792.788626, 1600569793.0124705, 1600569793.2972393, 1600569793.572348, 1600569793.7326572, 1600569793.8567615, 1600569794.026547, 1600569794.239228, 1600569794.4954302, 1600569794.6822238, 1600569794.8447232, 1600569795.006774, 1600569795.2387779, 1600569795.3697422, 1600569795.547348, 1600569795.6892745, 1600569795.8474877, 1600569796.016899, 1600569796.177854, 1600569796.3650093, 1600569796.5196466, 1600569796.685285, 1600569796.8645835, 1600569797.0762713, 1600569797.308128, 1600569797.426351, 1600569797.541915, 1600569797.65838, 1600569797.9616745, 1600569798.0838656, 1600569798.1956105, 1600569798.3870082, 1600569798.5685415, 1600569798.874078, 1600569799.0272636, 1600569799.1692572, 1600569799.4352293, 1600569799.6230836, 1600569799.782252, 1600569799.969722, 1600569800.0973494, 1600569800.227003, 1600569800.3973143, 1600569800.591678, 1600569800.7172534, 1600569800.8304923, 1600569800.974768, 1600569801.1142788, 1600569801.229333, 1600569801.3424354, 1600569801.4657192, 1600569801.5735607, 1600569801.7223868, 1600569801.9616075, 1600569802.1067731, 1600569802.3080547, 1600569802.511258, 1600569802.7385206, 1600569802.8891401, 1600569803.057147, 1600569803.2489583, 1600569803.4639955, 1600569803.7131116, 1600569803.9698374, 1600569804.2457798, 1600569804.498073, 1600569804.7964368, 1600569804.9221194, 1600569805.0655973, 1600569805.2317367, 1600569805.3476646, 1600569805.467661, 1600569805.6119726, 1600569805.74569, 1600569805.8779755, 1600569805.9966173, 1600569806.2171717, 1600569806.5523243, 1600569806.6893086, 1600569806.8865252, 1600569807.092373, 1600569807.2304113, 1600569807.3695889, 1600569807.5406194, 1600569807.6695366, 1600569807.9367716, 1600569808.1431518, 1600569808.3245907, 1600569808.456361, 1600569808.6192575, 1600569808.7806065, 1600569808.9385195, 1600569809.0785353, 1600569809.240775, 1600569809.366695, 1600569809.4731722, 1600569809.6637497, 1600569809.8191392, 1600569810.065183, 1600569810.2631054, 1600569810.4075248, 1600569810.542167, 1600569810.7027273, 1600569810.8321095, 1600569810.9858847, 1600569811.1489365, 1600569811.2890584, 1600569811.4151473, 1600569811.7530303, 1600569811.9435272, 1600569812.0822408, 1600569812.22474, 1600569812.3951266, 1600569812.617457, 1600569812.7430744, 1600569812.9669223, 1600569813.1965582, 1600569813.4025695, 1600569813.6316538, 1600569813.7948744, 1600569814.042947, 1600569814.1664116, 1600569814.4952662, 1600569814.8088486, 1600569814.972381, 1600569815.1976905, 1600569815.3773913, 1600569815.5197256, 1600569815.6918151, 1600569815.860727, 1600569816.0044992, 1600569816.2227333, 1600569816.5366316, 1600569816.7761753, 1600569816.8867512, 1600569817.0831883, 1600569817.1912694, 1600569817.306011, 1600569817.4895995, 1600569817.596523, 1600569817.7302895, 1600569817.9406626, 1600569818.0826783, 1600569818.2409067, 1600569818.654067, 1600569818.9214633, 1600569819.218219, 1600569819.3556247, 1600569819.696035, 1600569819.832058, 1600569819.9818647, 1600569820.1515894, 1600569820.5089784, 1600569820.781436, 1600569821.1392589, 1600569821.3322105, 1600569821.4746242, 1600569821.6947455, 1600569821.9050443, 1600569822.0955472, 1600569822.2685418, 1600569822.5243616, 1600569822.7690878, 1600569822.9748118, 1600569823.1467216, 1600569823.35645, 1600569823.5129955, 1600569823.7160473, 1600569823.8620956, 1600569823.9894443, 1600569824.316245, 1600569824.540997, 1600569824.6684444, 1600569824.7969477, 1600569824.9343736, 1600569825.1186717, 1600569825.240598, 1600569825.3634455, 1600569825.5512402, 1600569825.670986, 1600569825.8067355, 1600569825.9634473, 1600569826.1811175, 1600569826.3228369, 1600569826.506899, 1600569826.687377, 1600569826.8595462, 1600569827.115358, 1600569827.3839877, 1600569827.492536, 1600569827.6235578, 1600569827.756758, 1600569827.979476, 1600569828.0993638, 1600569828.209943, 1600569828.3758388, 1600569828.5102766, 1600569828.717236, 1600569828.8730922, 1600569829.1544297, 1600569829.4453268, 1600569829.5791512, 1600569829.7338004, 1600569829.8507164, 1600569830.0882165, 1600569830.198514, 1600569830.4166436, 1600569830.5330114, 1600569830.6540065, 1600569830.9840586, 1600569831.2049973, 1600569831.3838482, 1600569831.6478157, 1600569831.8294768, 1600569832.0671415, 1600569832.205934, 1600569832.4055717, 1600569832.674883, 1600569832.8687887, 1600569833.1019247, 1600569833.271159, 1600569833.4957938, 1600569833.669645, 1600569833.8844194, 1600569834.196634, 1600569834.3400953, 1600569834.8134205, 1600569834.9967487, 1600569835.202383, 1600569835.361105, 1600569835.6426947, 1600569835.7883897, 1600569835.9830163, 1600569836.2642431, 1600569836.4670043, 1600569836.6839993, 1600569836.9411569, 1600569837.150054, 1600569837.4718995, 1600569837.737841, 1600569837.8490446, 1600569838.0262692, 1600569838.2696648, 1600569838.449718, 1600569838.624596, 1600569838.8665621, 1600569839.0968182, 1600569839.226167, 1600569839.3482416, 1600569839.5580766, 1600569839.7575817, 1600569839.9165213, 1600569840.3168483, 1600569840.577487, 1600569840.9213052, 1600569841.2746036, 1600569841.7950594, 1600569842.031414, 1600569842.2476916, 1600569842.4308898, 1600569842.558677, 1600569842.6709163, 1600569842.7905612, 1600569842.9140623, 1600569843.0562646, 1600569843.1972377, 1600569843.3361828, 1600569843.54987, 1600569843.7763963, 1600569843.9501498, 1600569844.08499, 1600569844.5777035, 1600569844.7857783, 1600569845.1057327, 1600569845.3384554, 1600569845.5765421, 1600569845.8993416, 1600569846.1243913, 1600569846.3571527, 1600569846.5622432, 1600569846.7503498, 1600569846.8726654, 1600569847.1213117, 1600569847.3916724, 1600569847.6138763, 1600569847.8513258, 1600569847.9962626, 1600569848.1389956, 1600569848.2730703, 1600569848.520966, 1600569848.648138, 1600569848.785581, 1600569849.0689623, 1600569849.2081044, 1600569849.350651, 1600569849.60963, 1600569849.7525475, 1600569849.897752, 1600569850.1327052, 1600569850.297554, 1600569850.5632842, 1600569850.8378975, 1600569851.1360672, 1600569851.321276, 1600569851.4517848, 1600569851.625094, 1600569851.9026494, 1600569852.146144, 1600569852.286762, 1600569852.4243858, 1600569852.5360062, 1600569852.6972804, 1600569852.9088466, 1600569853.0761116, 1600569853.4183223, 1600569853.6295805, 1600569853.804041, 1600569853.972763],