{"initial_reset_timestamp": 1599430997.5010664, "timestamps": [1599431041.0606024, 1599431073.89817, 1599431081.8707263, 1599431092.27307, 1599431106.4114275, 1599431110.633145, 1599431119.523068], "episode_lengths": [19521, 14967, 9572, 12604, 17647, 5302, 10976], "episode_rewards": [96500.0, 62800.0, 20400.0, 36300.0, 20600.0, 6500.0, 32200.0], "episode_types": ["t", "t", "t", "t", "t", "t", "t", "t"]}