{"initial_reset_timestamp": 1599547491.2388902, "timestamps": [1599547491.4400966, 1599547491.7127934, 1599547491.841665, 1599547491.986825, 1599547492.0913863, 1599547492.2307353, 1599547492.4087646, 1599547492.523441, 1599547492.8075614, 1599547493.0009928, 1599547493.119998, 1599547493.2334528, 1599547493.342885, 1599547493.4849935, 1599547493.615133, 1599547493.8804898, 1599547494.0243056, 1599547494.1271734, 1599547494.235318, 1599547494.355862, 1599547494.4604113, 1599547494.6239655, 1599547494.7365935, 1599547494.898601, 1599547495.025258, 1599547495.234765, 1599547495.4790742, 1599547495.8441987, 1599547495.965226, 1599547496.1175973, 1599547496.2240348, 1599547496.4691644, 1599547496.6464796, 1599547496.749591, 1599547496.862342, 1599547497.0698767, 1599547497.2400215, 1599547497.4070888, 1599547497.6144655, 1599547497.7232351, 1599547497.8369656, 1599547497.952077, 1599547498.0879552, 1599547498.236329, 1599547498.4006855, 1599547498.5997338, 1599547498.7287796, 1599547498.889176, 1599547499.0293183, 1599547499.168605, 1599547499.313352, 1599547499.4135137, 1599547499.5620503, 1599547499.7435827, 1599547499.8531451, 1599547500.0075405, 1599547500.1306121, 1599547500.258038, 1599547500.4451387, 1599547500.5527742, 1599547500.8358724, 1599547501.0440822, 1599547501.2601833, 1599547501.3886728, 1599547501.5952384, 1599547501.7477238, 1599547501.907272, 1599547502.032906, 1599547502.1758745, 1599547502.366955, 1599547502.560371, 1599547502.7509177, 1599547502.930127, 1599547503.1278021, 1599547503.2413354, 1599547503.356844, 1599547503.4681923, 1599547503.6463456, 1599547503.7564895, 1599547503.9823391, 1599547504.18866, 1599547504.3607073, 1599547504.5147953, 1599547504.7090087, 1599547504.8174288, 1599547504.921818, 1599547505.161539, 1599547505.2981806, 1599547505.4917758, 1599547505.6156306, 1599547505.7818487, 1599547505.9118226, 1599547506.0670207, 1599547506.2136395, 1599547506.3257823, 1599547506.4522936, 1599547506.5788558, 1599547506.7107356, 1599547506.816747, 1599547506.9747121, 1599547507.0756803, 1599547507.200248, 1599547507.3110523, 1599547507.4494717, 1599547507.5762064, 1599547507.7330272, 1599547507.8341312, 1599547507.93984, 1599547508.0606225, 1599547508.1710181, 1599547508.2741635, 1599547508.3762896, 1599547508.514795, 1599547508.6123621, 1599547508.8239713, 1599547508.9872503, 1599547509.1127264, 1599547509.21821, 1599547509.3256931, 1599547509.4681144, 1599547509.698077, 1599547509.8565402, 1599547510.049058, 1599547510.1517344, 1599547510.315031, 1599547510.5453415, 1599547510.6695926, 1599547510.8777716, 1599547511.05161, 1599547511.2004147, 1599547511.3762422, 1599547511.5489519, 1599547511.7042499, 1599547511.8667817, 1599547512.0805287, 1599547512.2370527, 1599547512.3804092, 1599547512.5607212, 1599547512.7284915, 1599547512.8858643, 1599547513.019521, 1599547513.2191486, 1599547513.4118211, 1599547513.5626683, 1599547513.769466, 1599547513.9241078, 1599547514.099593, 1599547514.3366652, 1599547514.578622, 1599547514.8502438, 1599547515.037688, 1599547515.295012, 1599547515.4138246, 1599547515.5749617, 1599547515.9091227, 1599547516.0635495, 1599547516.1963184, 1599547516.2983637, 1599547516.440417, 1599547516.580785, 1599547516.744972, 1599547516.9668486, 1599547517.07127, 1599547517.1669574, 1599547517.3065426, 1599547517.4885392, 1599547517.6173599, 1599547517.7697034, 1599547517.8714297, 1599547518.0231874, 1599547518.1932232, 1599547518.2903445, 1599547518.390626, 1599547518.510326, 1599547518.6658218, 1599547518.7653115, 1599547518.9020388, 1599547519.0336764, 1599547519.1348424, 1599547519.3376374, 1599547519.4594905, 1599547519.5622766, 1599547519.7227025, 1599547519.9210958, 1599547520.0926967, 1599547520.3426614, 1599547520.613334, 1599547520.7705338, 1599547520.9565263, 1599547521.0572953, 1599547521.208446, 1599547521.3621197, 1599547521.570491, 1599547521.7322345, 1599547521.923524, 1599547522.080121, 1599547522.1799755, 1599547522.284133, 1599547522.4749877, 1599547522.614042, 1599547522.7192276, 1599547522.9277093, 1599547523.0316637, 1599547523.164074, 1599547523.2675865, 1599547523.3975027, 1599547523.5919907, 1599547523.7483032, 1599547523.8699107, 1599547524.0388365, 1599547524.1406054, 1599547524.2375374, 1599547524.3423212, 1599547524.644209, 1599547524.83173, 1599547524.9769833, 1599547525.255688, 1599547525.384162, 1599547525.5400486, 1599547525.6663547, 1599547525.7726212, 1599547525.9964077, 1599547526.116987, 1599547526.2694783, 1599547526.450595, 1599547526.65622, 1599547526.7816617, 1599547526.9491267, 1599547527.059506, 1599547527.2414973, 1599547527.472513, 1599547527.6329765, 1599547527.7531881, 1599547527.9370785, 1599547528.110122, 1599547528.2876542, 1599547528.4004714, 1599547528.559926, 1599547528.7919493, 1599547529.0496573, 1599547529.194862, 1599547529.3422215, 1599547529.5408874, 1599547529.7585263, 1599547529.9970205, 1599547530.1775417, 1599547530.324431, 1599547530.4324012, 1599547530.6115062, 1599547530.7411783, 1599547530.9194393, 1599547531.0270958, 1599547531.1703844, 1599547531.308367, 1599547531.539193, 1599547531.647463, 1599547531.8074312, 1599547531.91714, 1599547532.022373, 1599547532.246508, 1599547532.4427948, 1599547532.6102853, 1599547532.7122855, 1599547532.8776493, 1599547532.993999, 1599547533.135146, 1599547533.3720894, 1599547533.5355392, 1599547533.6810226, 1599547533.8181481, 1599547533.992405, 1599547534.2386768, 1599547534.3656404, 1599547534.4695668, 1599547534.6097338, 1599547534.7110145, 1599547534.8722947, 1599547535.0323882, 1599547535.228837, 1599547535.3472524, 1599547535.4697998, 1599547535.6285903, 1599547535.7652063, 1599547535.876747, 1599547536.010971, 1599547536.1945362, 1599547536.299654, 1599547536.4075081, 1599547536.5544193, 1599547536.6665745, 1599547536.8331473, 1599547536.9633634, 1599547537.1604106, 1599547537.3083029, 1599547537.465535, 1599547537.5745907, 1599547537.669453, 1599547537.8090978, 1599547537.9340622, 1599547538.0423698, 1599547538.1508496, 1599547538.2579634, 1599547538.3838782, 1599547538.4874222, 1599547538.6673117, 1599547538.8555334, 1599547539.0148647, 1599547539.1448483, 1599547539.316237, 1599547539.5040047, 1599547539.6620736, 1599547539.8159442, 1599547540.0002534, 1599547540.1940627, 1599547540.3188322, 1599547540.5678627, 1599547540.7230544, 1599547540.9812245, 1599547541.141974, 1599547541.3525333, 1599547541.4570699, 1599547541.613473, 1599547541.730287, 1599547541.9001856, 1599547542.0822024, 1599547542.2188375, 1599547542.370562, 1599547542.569911, 1599547542.703043, 1599547542.8232992, 1599547542.9340687, 1599547543.1824243, 1599547543.2853458, 1599547543.3869543, 1599547543.4909341, 1599547543.6865544, 1599547543.7959816, 1599547543.8967552, 1599547544.0316892, 1599547544.150431, 1599547544.250632, 1599547544.4801931, 1599547544.6098297, 1599547544.830677, 1599547545.0949411, 1599547545.2070854, 1599547545.3995585, 1599547545.532807, 1599547545.6942115, 1599547545.7981281, 1599547545.9279158, 1599547546.0289226, 1599547546.1417012, 1599547546.2526255, 1599547546.4043763, 1599547546.5687919, 1599547546.747203, 1599547546.854014, 1599547546.98856, 1599547547.1576421, 1599547547.40401, 1599547547.5815306, 1599547547.6898994, 1599547547.7944596, 1599547547.9542155, 1599547548.053484, 1599547548.1629624, 1599547548.2661018, 1599547548.379122, 1599547548.4906282, 1599547548.6375365, 1599547548.8564336, 1599547549.0171037, 1599547549.128783, 1599547549.2629812, 1599547549.3927104, 1599547549.5114043, 1599547549.6545184, 1599547549.7709746, 1599547550.0093882, 1599547550.1886206, 1599547550.29756, 1599547550.498156, 1599547550.6707451, 1599547550.777142, 1599547550.8825452, 1599547551.0521016, 1599547551.1532905, 1599547551.312173, 1599547551.4861748, 1599547551.6232939, 1599547551.8021567, 1599547551.9021475, 1599547552.1630487, 1599547552.2942276, 1599547552.415078, 1599547552.579822, 1599547552.8719225],