{"initial_reset_timestamp": 1599547428.212432, "timestamps": [1599547428.4967544, 1599547428.7647042, 1599547428.890492, 1599547429.0662303, 1599547429.1892729, 1599547429.3798664, 1599547429.5728261, 1599547429.6910586, 1599547429.8838391, 1599547430.1095464, 1599547430.2686248, 1599547430.3832903, 1599547430.6119058, 1599547430.7416906, 1599547430.9365168, 1599547431.0714447, 1599547431.1877377, 1599547431.3773575, 1599547431.5144339, 1599547431.818368, 1599547432.038034, 1599547432.2823582, 1599547432.3962853, 1599547432.507302, 1599547432.7353325, 1599547432.919162, 1599547433.041703, 1599547433.250966, 1599547433.5502012, 1599547433.662012, 1599547433.82208, 1599547434.120045, 1599547434.2613385, 1599547434.3972838, 1599547434.600696, 1599547434.7845542, 1599547435.0315804, 1599547435.1951187, 1599547435.3123138, 1599547435.4156199, 1599547435.6632807, 1599547435.9099987, 1599547436.1010969, 1599547436.2016416, 1599547436.3492737, 1599547436.4800906, 1599547436.8516896, 1599547437.029519, 1599547437.1347897, 1599547437.30901, 1599547437.4490154, 1599547437.5500615, 1599547437.7434232, 1599547437.9297576, 1599547438.0282276, 1599547438.1308842, 1599547438.261828, 1599547438.3948739, 1599547438.5254557, 1599547438.644303, 1599547438.8291848, 1599547439.1004336, 1599547439.240862, 1599547439.3413556, 1599547439.6071875, 1599547439.7810235, 1599547439.883841, 1599547439.9850562, 1599547440.0869532, 1599547440.3186524, 1599547440.5195696, 1599547440.7394843, 1599547440.8447292, 1599547440.9699347, 1599547441.1483104, 1599547441.4727874, 1599547441.6838589, 1599547441.8809664, 1599547442.020056, 1599547442.1404483, 1599547442.4533591, 1599547442.566261, 1599547442.6693294, 1599547442.7766309, 1599547442.9541764, 1599547443.05961, 1599547443.1887956, 1599547443.2972353, 1599547443.519808, 1599547443.637885, 1599547443.8826594, 1599547444.1057267, 1599547444.2641642, 1599547444.4042568, 1599547444.6138906, 1599547444.7591636, 1599547444.9186914, 1599547445.0895402, 1599547445.188148, 1599547445.2877035, 1599547445.3909175, 1599547445.4927137, 1599547445.62774, 1599547445.786007, 1599547445.986428, 1599547446.107326, 1599547446.2513483, 1599547446.3899577, 1599547446.5627239, 1599547446.6605678, 1599547446.8368094, 1599547446.93742, 1599547447.1369386, 1599547447.2456853, 1599547447.3739483, 1599547447.5466177, 1599547447.7353373, 1599547447.839559, 1599547447.9393454, 1599547448.0937428, 1599547448.2367308, 1599547448.369126, 1599547448.469049, 1599547448.6044302, 1599547448.7472653, 1599547449.1419454, 1599547449.286426, 1599547449.4800856, 1599547449.5901716, 1599547449.70062, 1599547449.8093865, 1599547450.030897, 1599547450.2584686, 1599547450.4267483, 1599547450.5403323, 1599547450.6597147, 1599547450.8868873, 1599547450.9951272, 1599547451.143399, 1599547451.4795158, 1599547451.590669, 1599547451.7648332, 1599547451.946444, 1599547452.1549964, 1599547452.3315904, 1599547452.5461867, 1599547452.7767456, 1599547452.8946505, 1599547453.030478, 1599547453.1477525, 1599547453.321662, 1599547453.4602911, 1599547453.6252494, 1599547453.7332864, 1599547453.9126055, 1599547454.122092, 1599547454.2347095, 1599547454.3757281, 1599547454.623017, 1599547454.874754, 1599547454.9816172, 1599547455.1837175, 1599547455.4119365, 1599547455.5923905, 1599547455.6969914, 1599547455.8378227, 1599547456.0115793, 1599547456.2084603, 1599547456.3618877, 1599547456.4861124, 1599547456.7053776, 1599547456.8908584, 1599547456.9960885, 1599547457.1334016, 1599547457.2434256, 1599547457.3434803, 1599547457.452181, 1599547457.6852167, 1599547457.937036, 1599547458.1630642, 1599547458.2713003, 1599547458.4095218, 1599547458.5512493, 1599547458.6619177, 1599547458.85253, 1599547459.0095177, 1599547459.224709, 1599547459.3262684, 1599547459.5027728, 1599547459.610066, 1599547459.7944627, 1599547459.9349096, 1599547460.1437557, 1599547460.365026, 1599547460.4740574, 1599547460.6644266, 1599547460.7658434, 1599547460.8988826, 1599547461.0762248, 1599547461.1764393, 1599547461.3282409, 1599547461.519378, 1599547461.6759424, 1599547461.8563395, 1599547461.9649394, 1599547462.192796, 1599547462.294438, 1599547462.4532256, 1599547462.5913532, 1599547462.851076, 1599547463.0210094, 1599547463.1565251, 1599547463.3131075, 1599547463.4128869, 1599547463.5180013, 1599547463.6922662, 1599547464.2521133, 1599547464.4344466, 1599547464.6700912, 1599547464.7864969, 1599547464.9828918, 1599547465.1633303, 1599547465.4054077, 1599547465.6533186, 1599547465.7975056, 1599547465.956313, 1599547466.071182, 1599547466.3654404, 1599547466.4781475, 1599547466.5962117, 1599547466.9938989, 1599547467.1350036, 1599547467.262548, 1599547467.5100179, 1599547467.6349635, 1599547467.7820153, 1599547467.9790113, 1599547468.1179848, 1599547468.3552597, 1599547468.4945602, 1599547468.757202, 1599547468.9888196, 1599547469.13761, 1599547469.4493136, 1599547469.6555614, 1599547469.8176112, 1599547469.9969275, 1599547470.1067717, 1599547470.4238229, 1599547470.7094011, 1599547470.848638, 1599547470.9577866, 1599547471.0743513, 1599547471.332445, 1599547471.6081066, 1599547471.7231536, 1599547471.9318569, 1599547472.1899364, 1599547472.4051077, 1599547472.5429761, 1599547472.6515067, 1599547472.8062434, 1599547472.9510474, 1599547473.130976, 1599547473.3637838, 1599547473.4844434, 1599547473.6327627, 1599547473.8503032, 1599547474.017077, 1599547474.1727288, 1599547474.2723322, 1599547474.390319, 1599547474.4916234, 1599547474.6180272, 1599547474.7228093, 1599547474.947899, 1599547475.0997784, 1599547475.238509, 1599547475.3400881, 1599547475.5114896, 1599547475.73489, 1599547475.8353093, 1599547476.0333412, 1599547476.1842856, 1599547476.316085, 1599547476.4690707, 1599547476.5751166, 1599547476.6957, 1599547476.8572726, 1599547477.0452485, 1599547477.1719604, 1599547477.2917726, 1599547477.3910956, 1599547477.4884326, 1599547477.6184835, 1599547477.7926512, 1599547477.8937645, 1599547478.0654187, 1599547478.1641204, 1599547478.3477957, 1599547478.4665353, 1599547478.5674212, 1599547478.7808514, 1599547478.9169364, 1599547479.152908, 1599547479.3392663, 1599547479.567797, 1599547479.7686818, 1599547479.9702454, 1599547480.069347, 1599547480.2273355, 1599547480.363528, 1599547480.497119, 1599547480.6687927, 1599547480.846549, 1599547481.0077083, 1599547481.1092234, 1599547481.3363247, 1599547481.438098, 1599547481.5688472, 1599547481.705674, 1599547481.908316, 1599547482.0558016, 1599547482.189479, 1599547482.289667, 1599547482.4463232, 1599547482.5518515, 1599547482.7068624, 1599547482.9094498, 1599547483.0140636, 1599547483.1680195, 1599547483.2648551, 1599547483.416405, 1599547483.5231526, 1599547483.723817, 1599547483.835066, 1599547483.939891, 1599547484.1229777, 1599547484.2649567, 1599547484.4276917, 1599547484.6160262, 1599547484.7850652, 1599547484.9172726, 1599547485.2438211, 1599547485.3595924, 1599547485.4804375, 1599547485.5909822, 1599547485.7634876, 1599547485.9190383, 1599547486.0473886, 1599547486.2014806, 1599547486.3079512, 1599547486.6116698, 1599547486.9172878, 1599547487.1345854, 1599547487.3717718, 1599547487.5182936, 1599547487.6575904, 1599547487.7639742, 1599547487.992285, 1599547488.1052198, 1599547488.3312867, 1599547488.44703, 1599547488.6480002, 1599547488.7571177, 1599547488.8658729, 1599547489.0133016, 1599547489.2501743, 1599547489.4228528, 1599547489.5855584, 1599547489.743157, 1599547489.8561113, 1599547489.955504, 1599547490.0806131, 1599547490.2259696, 1599547490.3819811, 1599547490.4804068, 1599547490.6359084, 1599547490.848017, 1599547490.9765224],