{"initial_reset_timestamp": 1599438774.312502, "timestamps": [1599438800.5080032, 1599438812.1148584, 1599438820.3781972, 1599438825.2541676, 1599438833.0625553, 1599438838.7434535, 1599438850.0535262, 1599438860.530585, 1599438890.513783, 1599438899.2586942], "episode_lengths": [12121, 5168, 10084, 6046, 8345, 6582, 12957, 13063, 13687, 9883], "episode_rewards": [51000.0, 6100.0, 18100.0, 6500.0, 11700.0, 6000.0, 43200.0, 32900.0, 35500.0, 41300.0], "episode_types": ["t", "t", "t", "t", "t", "t", "t", "t", "t", "t", "t"]}